from,to
75,0
78,1
127,2
170,3
175,4
190,5
267,6
325,7
383,8
476,9
477,10
493,11
498,12
533,13
545,14
548,15
580,16
622,17
636,18
728,19
732,20
783,21
788,22
894,23
922,24
937,25
1017,26
1035,27
1047,28
1117,29
1118,30
1122,31
1160,32
1164,33
1174,34
1198,35
1224,36
1225,37
1267,38
1278,39
1282,40
1355,41
1392,42
1436,43
1496,44
1504,45
1510,46
1547,47
1600,48
1632,49
1652,50
1663,51
1713,52
1724,53
1728,54
1751,55
1860,56
1910,57
1915,58
1988,59
2039,60
2053,61
2102,62
2108,63
2136,64
2200,65
2204,66
2218,67
2276,68
2315,69
2429,70
2435,71
2455,72
2471,73
2477,74
2513,75
2517,76
2556,77
2558,78
2589,79
2612,80
2643,81
2658,82
2692,83
2706,84
2732,85
2771,86
2801,87
2842,88
2852,89
2853,90
2891,91
2901,92
2904,93
2930,94
3017,95
3057,96
3104,97
3106,98
3174,99
3190,100
3271,101
3301,102
3304,103
3313,104
3369,105
3392,106
3429,107
3493,108
3512,109
3527,110
3541,111
3595,112
3600,113
3710,114
3849,115
3853,116
3860,117
3868,118
3976,119
4002,120
4022,121
4078,122
4087,123
4146,124
4188,125
4198,126
4254,127
4335,128
4341,129
4352,130
4375,131
4517,132
4544,133
4549,134
4650,135
4697,136
4728,137
4800,138
4827,139
4856,140
4869,141
4895,142
4912,143
4944,144
5002,145
5031,146
5085,147
5182,148
5227,149
5238,150
5240,151
5285,152
5321,153
5459,154
5461,155
5475,156
5494,157
5552,158
5593,159
5706,160
5757,161
5829,162
5831,163
5917,164
5925,165
5954,166
5978,167
6018,168
6082,169
6119,170
6150,171
6227,172
6264,173
6302,174
6323,175
6352,176
6362,177
6375,178
6385,179
6393,180
6400,181
6443,182
6449,183
6471,184
6477,185
6528,186
6532,187
6550,188
6571,189
6616,190
6625,191
6757,192
6758,193
6785,194
6862,195
6946,196
6971,197
7088,198
7181,199
7195,200
7248,201
7252,202
7287,203
7315,204
7317,205
7354,206
7587,207
7612,208
7635,209
7685,210
7704,211
7711,212
7727,213
7740,214
7743,215
7815,216
7849,217
7919,218
8041,219
8048,220
8094,221
8114,222
8127,223
8148,224
8168,225
8194,226
8209,227
8216,228
8282,229
8423,230
8434,231
8517,232
8584,233
8604,234
8610,235
8619,236
8621,237
8624,238
8642,239
8651,240
8683,241
8699,242
8701,243
8726,244
8740,245
8787,246
8858,247
8892,248
8893,249
8905,250
8930,251
8970,252
9029,253
9034,254
9060,255
9085,256
9117,257
9127,258
9134,259
9139,260
9177,261
9245,262
9277,263
9370,264
9411,265
9415,266
9470,267
9475,268
9522,269
9593,270
9595,271
9807,272
9889,273
10025,274
10058,275
10064,276
10084,277
10094,278
10125,279
10132,280
10154,281
10181,282
10191,283
10200,284
10231,285
10272,286
10335,287
10420,288
10479,289
10516,290
10521,291
10563,292
10639,293
10652,294
10674,295
10739,296
10783,297
10791,298
10844,299
10905,300
10931,301
10936,302
10986,303
11032,304
11090,305
11114,306
11162,307
11188,308
11220,309
11228,310
11239,311
11240,312
11244,313
11277,314
11338,315
11411,316
11420,317
11424,318
11451,319
11457,320
11510,321
11515,322
11554,323
11563,324
11569,325
11577,326
11613,327
11638,328
11728,329
11744,330
11758,331
11802,332
11809,333
11810,334
11824,335
11825,336
11898,337
11912,338
11930,339
11937,340
12025,341
12028,342
12040,343
12046,344
12051,345
12056,346
12064,347
12126,348
12221,349
12259,350
12265,351
12272,352
12283,353
12296,354
12309,355
12313,356
12356,357
12428,358
12451,359
12458,360
12459,361
12554,362
12563,363
12621,364
12622,365
12681,366
12759,367
12760,368
12818,369
12866,370
12888,371
12917,372
12921,373
12949,374
12986,375
13014,376
13029,377
13043,378
13048,379
13054,380
13056,381
13086,382
13159,383
13216,384
13222,385
13230,386
13233,387
13257,388
13266,389
13283,390
13318,391
13376,392
13397,393
13454,394
13472,395
13561,396
13614,397
13656,398
13694,399
13701,400
13716,401
13748,402
13781,403
13877,404
13890,405
13897,406
13914,407
13916,408
13937,409
13938,410
13970,411
14029,412
14070,413
14095,414
14099,415
14171,416
14222,417
14246,418
14292,419
14323,420
14361,421
14421,422
14454,423
14465,424
14479,425
14498,426
14531,427
14570,428
14578,429
14598,430
14614,431
14648,432
14653,433
14679,434
14706,435
14709,436
14895,437
14910,438
14918,439
14946,440
14979,441
15061,442
15157,443
15168,444
15178,445
15264,446
15311,447
15344,448
15399,449
15436,450
15437,451
15440,452
15558,453
15714,454
15715,455
15716,456
15722,457
15780,458
15783,459
15811,460
15816,461
15846,462
15853,463
15879,464
15896,465
15926,466
15974,467
16003,468
16004,469
16031,470
16039,471
16047,472
16103,473
16123,474
16133,475
16149,476
16168,477
16174,478
16206,479
16289,480
16295,481
16321,482
16389,483
16419,484
16485,485
16574,486
16587,487
16591,488
16592,489
16610,490
16664,491
16677,492
16850,493
16862,494
16949,495
16983,496
16987,497
17205,498
17260,499
17307,500
17312,501
17334,502
17363,503
17461,504
17463,505
17559,506
17597,507
17613,508
17623,509
17632,510
17647,511
17653,512
17688,513
17738,514
17755,515
17813,516
17835,517
17854,518
17909,519
17924,520
17930,521
17946,522
17999,523
18015,524
18059,525
18075,526
18082,527
18114,528
18161,529
18205,530
18206,531
18256,532
18293,533
18295,534
18304,535
18367,536
18379,537
18434,538
18461,539
18506,540
18510,541
18600,542
18660,543
18666,544
18673,545
18678,546
18687,547
18718,548
18724,549
18742,550
18797,551
18802,552
18849,553
18853,554
18896,555
18946,556
18979,557
18983,558
19018,559
19054,560
19066,561
19131,562
19164,563
19193,564
19306,565
19402,566
19475,567
19493,568
19519,569
19520,570
19532,571
19546,572
19562,573
19575,574
19587,575
19619,576
19668,577
19714,578
19741,579
19742,580
19783,581
19806,582
19820,583
19832,584
19838,585
19854,586
19864,587
19885,588
19899,589
19909,590
19923,591
19928,592
19933,593
19963,594
19982,595
19986,596
20025,597
20028,598
20081,599
20121,600
20144,601
20189,602
20226,603
20262,604
20263,605
20298,606
20348,607
20385,608
20391,609
20409,610
20435,611
20438,612
20492,613
20531,614
20554,615
20591,616
20606,617
20699,618
20709,619
20734,620
20758,621
20812,622
20832,623
20897,624
20938,625
20974,626
21052,627
21055,628
21101,629
21171,630
21184,631
21188,632
21237,633
21244,634
21272,635
21277,636
21374,637
21439,638
21488,639
21513,640
21522,641
21523,642
21558,643
21624,644
21655,645
21668,646
21672,647
21691,648
21693,649
21699,650
21708,651
21767,652
21835,653
21838,654
21872,655
21947,656
22061,657
22066,658
22125,659
22198,660
22206,661
22278,662
22371,663
22386,664
22453,665
22461,666
22479,667
22609,668
22616,669
22701,670
22712,671
22723,672
22798,673
22815,674
22869,675
22872,676
22931,677
22936,678
22957,679
22961,680
23032,681
23087,682
23129,683
23172,684
23228,685
23260,686
23318,687
23360,688
23386,689
23388,690
23422,691
23423,692
23437,693
23473,694
23561,695
23581,696
23634,697
23647,698
23712,699
23717,700
23733,701
23753,702
23850,703
23858,704
23862,705
23865,706
23910,707
23947,708
23953,709
23988,710
24014,711
24026,712
24039,713
24072,714
24104,715
24132,716
24171,717
24221,718
24230,719
24231,720
24234,721
24240,722
24263,723
24386,724
24423,725
24476,726
24495,727
24515,728
24517,729
24560,730
24573,731
24592,732
24653,733
24668,734
24695,735
24708,736
24793,737
24885,738
24929,739
24954,740
25007,741
25038,742
25055,743
25097,744
25122,745
25197,746
25244,747
25248,748
25286,749
25359,750
25388,751
25408,752
25411,753
25412,754
25570,755
25649,756
25679,757
25686,758
25712,759
25723,760
25730,761
25752,762
25801,763
25831,764
25867,765
25887,766
25889,767
25907,768
25913,769
25915,770
25976,771
26007,772
26048,773
26116,774
26136,775
26138,776
26152,777
26154,778
26242,779
26243,780
26316,781
26356,782
26487,783
26528,784
26582,785
26589,786
26617,787
26624,788
26674,789
26692,790
26704,791
26733,792
26734,793
26738,794
26740,795
26765,796
26819,797
26873,798
26920,799
26964,800
26987,801
27072,802
27089,803
27112,804
27115,805
27152,806
27164,807
27238,808
27297,809
27302,810
27306,811
27313,812
27350,813
27363,814
27464,815
27620,816
27626,817
27648,818
27662,819
27685,820
27713,821
27743,822
27773,823
27778,824
27935,825
27947,826
27951,827
28001,828
28039,829
28048,830
28082,831
28101,832
28105,833
28122,834
28129,835
28180,836
28199,837
28292,838
28299,839
28317,840
28342,841
28350,842
28384,843
28452,844
28492,845
28496,846
28508,847
28521,848
28581,849
28642,850
28645,851
28653,852
28665,853
28798,854
28830,855
28842,856
28855,857
28875,858
28962,859
29061,860
29202,861
29225,862
29343,863
29369,864
29401,865
29421,866
29435,867
29442,868
29501,869
29508,870
29538,871
29592,872
29616,873
29658,874
29680,875
29727,876
29801,877
29892,878
29942,879
29947,880
29948,881
29985,882
30049,883
30139,884
30167,885
30174,886
30225,887
30274,888
30275,889
30286,890
30465,891
30490,892
30491,893
30500,894
30547,895
30613,896
30627,897
30687,898
30836,899
30840,900
30846,901
30849,902
30864,903
30879,904
30886,905
30897,906
30938,907
30950,908
30972,909
30977,910
30980,911
31040,912
31088,913
31098,914
31104,915
31156,916
31170,917
31175,918
31179,919
31193,920
31209,921
31221,922
31296,923
31309,924
31317,925
31375,926
31468,927
31523,928
31682,929
31784,930
31786,931
31789,932
31813,933
31820,934
31854,935
31879,936
31911,937
31937,938
31949,939
32011,940
32021,941
32031,942
32035,943
32195,944
32283,945
32293,946
32294,947
32299,948
32308,949
32357,950
32369,951
32406,952
32411,953
32412,954
32445,955
32508,956
32512,957
32521,958
32536,959
32538,960
32634,961
32663,962
32736,963
32747,964
32791,965
32831,966
32861,967
32919,968
32931,969
32997,970
33008,971
33052,972
33126,973
33139,974
33141,975
33171,976
33202,977
33222,978
33238,979
33240,980
33251,981
33285,982
33349,983
33384,984
33477,985
33481,986
33522,987
33528,988
33577,989
33579,990
33764,991
33770,992
33780,993
33784,994
33797,995
33843,996
33866,997
33880,998
33943,999
33994,1000
34101,1001
34145,1002
34157,1003
34196,1004
34197,1005
34225,1006
34226,1007
34295,1008
34329,1009
34334,1010
34368,1011
34374,1012
34384,1013
34405,1014
34420,1015
34671,1016
34680,1017
34687,1018
34704,1019
34713,1020
34740,1021
34755,1022
34765,1023
34783,1024
34796,1025
34857,1026
34881,1027
34906,1028
34958,1029
35002,1030
35051,1031
35057,1032
35069,1033
35105,1034
35141,1035
35160,1036
35211,1037
35223,1038
35272,1039
35335,1040
35345,1041
35373,1042
35408,1043
35455,1044
35461,1045
35488,1046
35530,1047
35553,1048
35568,1049
35601,1050
35622,1051
35660,1052
35665,1053
35703,1054
35779,1055
35785,1056
35814,1057
35886,1058
35899,1059
36004,1060
36049,1061
36060,1062
36063,1063
36082,1064
36151,1065
36154,1066
36243,1067
36280,1068
36286,1069
36292,1070
36294,1071
36306,1072
36347,1073
36450,1074
36495,1075
36527,1076
36538,1077
36548,1078
36553,1079
36558,1080
36559,1081
36600,1082
36619,1083
36655,1084
36659,1085
36663,1086
36688,1087
36719,1088
36743,1089
36784,1090
36802,1091
36803,1092
36907,1093
36931,1094
36937,1095
36969,1096
37001,1097
37025,1098
37037,1099
37098,1100
37195,1101
37216,1102
37217,1103
37225,1104
37321,1105
37419,1106
37568,1107
37580,1108
37713,1109
37782,1110
37786,1111
37820,1112
37857,1113
37882,1114
37899,1115
37934,1116
37957,1117
37987,1118
38047,1119
38093,1120
38111,1121
38119,1122
38256,1123
38281,1124
38340,1125
38348,1126
38373,1127
38390,1128
38396,1129
38435,1130
38437,1131
38527,1132
38646,1133
38662,1134
38664,1135
38690,1136
38722,1137
38726,1138
38740,1139
38745,1140
38765,1141
38801,1142
38854,1143
38875,1144
38882,1145
38889,1146
38914,1147
38927,1148
38934,1149
39033,1150
39047,1151
39065,1152
39082,1153
39156,1154
39177,1155
39262,1156
39272,1157
39282,1158
39320,1159
39362,1160
39390,1161
39393,1162
39463,1163
39480,1164
39513,1165
39524,1166
39594,1167
39599,1168
39607,1169
39608,1170
39617,1171
39677,1172
39689,1173
39746,1174
39799,1175
39803,1176
39861,1177
39897,1178
39904,1179
39935,1180
39981,1181
39985,1182
40003,1183
40033,1184
40101,1185
40136,1186
40236,1187
40260,1188
40282,1189
40284,1190
40328,1191
40375,1192
40421,1193
40456,1194
40457,1195
40465,1196
40512,1197
40648,1198
40664,1199
40703,1200
40719,1201
40737,1202
40743,1203
40810,1204
40826,1205
40827,1206
40837,1207
40855,1208
40863,1209
40872,1210
40895,1211
40930,1212
41000,1213
41027,1214
41066,1215
41103,1216
41130,1217
41154,1218
41178,1219
41201,1220
41234,1221
41258,1222
41335,1223
41391,1224
41394,1225
41443,1226
41464,1227
41468,1228
41573,1229
41622,1230
41688,1231
41726,1232
41727,1233
41740,1234
41822,1235
41838,1236
41859,1237
41946,1238
42054,1239
42059,1240
42104,1241
42122,1242
42154,1243
42164,1244
42201,1245
42237,1246
42337,1247
42356,1248
42411,1249
42437,1250
42445,1251
42490,1252
42551,1253
42552,1254
42582,1255
42664,1256
42688,1257
42773,1258
42789,1259
42888,1260
42908,1261
42966,1262
43004,1263
43017,1264
43102,1265
43108,1266
43113,1267
43189,1268
43205,1269
43213,1270
43281,1271
43350,1272
43353,1273
43397,1274
43449,1275
43501,1276
43527,1277
43591,1278
43603,1279
43640,1280
43699,1281
43700,1282
43706,1283
43718,1284
43726,1285
43779,1286
43797,1287
43867,1288
43883,1289
43948,1290
43994,1291
44038,1292
44041,1293
44068,1294
44117,1295
44129,1296
44157,1297
44264,1298
44285,1299
44287,1300
44294,1301
44297,1302
44361,1303
44404,1304
44446,1305
44485,1306
44495,1307
44567,1308
44706,1309
44730,1310
44744,1311
44847,1312
45049,1313
45050,1314
45070,1315
45120,1316
45129,1317
45187,1318
45220,1319
45236,1320
45257,1321
45277,1322
45286,1323
45290,1324
45314,1325
45356,1326
45478,1327
45583,1328
45586,1329
45642,1330
45656,1331
45881,1332
45938,1333
45987,1334
46033,1335
46085,1336
46116,1337
46126,1338
46257,1339
46272,1340
46369,1341
46407,1342
46441,1343
46449,1344
46494,1345
46523,1346
46536,1347
46586,1348
46603,1349
46624,1350
46640,1351
46641,1352
46656,1353
46672,1354
46695,1355
46754,1356
46762,1357
46786,1358
46804,1359
46824,1360
46840,1361
46890,1362
46964,1363
46979,1364
46985,1365
47002,1366
47040,1367
47065,1368
47165,1369
47179,1370
47249,1371
47267,1372
47302,1373
47384,1374
47398,1375
47438,1376
47448,1377
47526,1378
47592,1379
47613,1380
47677,1381
47711,1382
47719,1383
47768,1384
47780,1385
47800,1386
47911,1387
47933,1388
48006,1389
48011,1390
48038,1391
48052,1392
48076,1393
48117,1394
48128,1395
48280,1396
48290,1397
48316,1398
48326,1399
48337,1400
48357,1401
48370,1402
48395,1403
48454,1404
48506,1405
48534,1406
48641,1407
48674,1408
48717,1409
48726,1410
48743,1411
48776,1412
48802,1413
48803,1414
48856,1415
48911,1416
48919,1417
48920,1418
48933,1419
49032,1420
49065,1421
49148,1422
49236,1423
49265,1424
49270,1425
49308,1426
49334,1427
49361,1428
49365,1429
49370,1430
49383,1431
49527,1432
49582,1433
49606,1434
49626,1435
49696,1436
49838,1437
49879,1438
49913,1439
49935,1440
49996,1441
50041,1442
50156,1443
50160,1444
50265,1445
50295,1446
50324,1447
50377,1448
50383,1449
50464,1450
50510,1451
50533,1452
50543,1453
50604,1454
50606,1455
50607,1456
50695,1457
50733,1458
50783,1459
50818,1460
50846,1461
50847,1462
50888,1463
50893,1464
50949,1465
50970,1466
50992,1467
51021,1468
51025,1469
51033,1470
51045,1471
51086,1472
51167,1473
51168,1474
51191,1475
51198,1476
51213,1477
51218,1478
51230,1479
51232,1480
51284,1481
51301,1482
51333,1483
51336,1484
51361,1485
51373,1486
51378,1487
51441,1488
51448,1489
51466,1490
51494,1491
51499,1492
51527,1493
51603,1494
51615,1495
51673,1496
51687,1497
51692,1498
51707,1499
51761,1500
51832,1501
51901,1502
51954,1503
51972,1504
52000,1505
52004,1506
52021,1507
52076,1508
52129,1509
52136,1510
52147,1511
52235,1512
52305,1513
52328,1514
52364,1515
52365,1516
52379,1517
52427,1518
52459,1519
52481,1520
52510,1521
52572,1522
52576,1523
52580,1524
52591,1525
52592,1526
52610,1527
52648,1528
52678,1529
52707,1530
52722,1531
52751,1532
52806,1533
52827,1534
52834,1535
52870,1536
52882,1537
52906,1538
52961,1539
52983,1540
53022,1541
53042,1542
53045,1543
53059,1544
53192,1545
53241,1546
53315,1547
53379,1548
53382,1549
53429,1550
53558,1551
53565,1552
53610,1553
53667,1554
53849,1555
53859,1556
53996,1557
54017,1558
54060,1559
54066,1560
54087,1561
54113,1562
54142,1563
54152,1564
54193,1565
54217,1566
54250,1567
54262,1568
54274,1569
54316,1570
54371,1571
54376,1572
54503,1573
54528,1574
54650,1575
54716,1576
54730,1577
54767,1578
54786,1579
54817,1580
54876,1581
54980,1582
55113,1583
55124,1584
55193,1585
55197,1586
55211,1587
55236,1588
55277,1589
55280,1590
55290,1591
55315,1592
55403,1593
55414,1594
55468,1595
55491,1596
55560,1597
55590,1598
55620,1599
55645,1600
55699,1601
55737,1602
55762,1603
55790,1604
55840,1605
55865,1606
55899,1607
55909,1608
55935,1609
55936,1610
55992,1611
56016,1612
56030,1613
56044,1614
56091,1615
56124,1616
56147,1617
56200,1618
56281,1619
56345,1620
56354,1621
56472,1622
56535,1623
56561,1624
56596,1625
56620,1626
56669,1627
56686,1628
56758,1629
56811,1630
56896,1631
56915,1632
56950,1633
56959,1634
57018,1635
57022,1636
57035,1637
57050,1638
57082,1639
57097,1640
57120,1641
57127,1642
57138,1643
57249,1644
57274,1645
57380,1646
57420,1647
57464,1648
57475,1649
57512,1650
57606,1651
57620,1652
57637,1653
57696,1654
57782,1655
57835,1656
57912,1657
57928,1658
57973,1659
57977,1660
58001,1661
58019,1662
58087,1663
58089,1664
58160,1665
58174,1666
58203,1667
58417,1668
58470,1669
58554,1670
58561,1671
58567,1672
58577,1673
58600,1674
58601,1675
58604,1676
58613,1677
58657,1678
58686,1679
58693,1680
58709,1681
58747,1682
58763,1683
58842,1684
58895,1685
59012,1686
59050,1687
59078,1688
59082,1689
59086,1690
59092,1691
59148,1692
59165,1693
59182,1694
59219,1695
59299,1696
59311,1697
59327,1698
59355,1699
59358,1700
59389,1701
59390,1702
59401,1703
59433,1704
59444,1705
59462,1706
59468,1707
59474,1708
59496,1709
59499,1710
59527,1711
59529,1712
59557,1713
59577,1714
59686,1715
59708,1716
59771,1717
59889,1718
59894,1719
59995,1720
59999,1721
60002,1722
60051,1723
60072,1724
60158,1725
60166,1726
60170,1727
60182,1728
60190,1729
60195,1730
60229,1731
60259,1732
60296,1733
60303,1734
60307,1735
60316,1736
60319,1737
60323,1738
60325,1739
60331,1740
60334,1741
60374,1742
60450,1743
60510,1744
60515,1745
60556,1746
60564,1747
60661,1748
60670,1749
60692,1750
60693,1751
60713,1752
60716,1753
60798,1754
60863,1755
60890,1756
60891,1757
60901,1758
60958,1759
60963,1760
60971,1761
61020,1762
61137,1763
61235,1764
61240,1765
61352,1766
61379,1767
61381,1768
61400,1769
61436,1770
61502,1771
61544,1772
61592,1773
61674,1774
61700,1775
61805,1776
61836,1777
61869,1778
61878,1779
61879,1780
61910,1781
61915,1782
62012,1783
62014,1784
62055,1785
62091,1786
62133,1787
62141,1788
62151,1789
62252,1790
62280,1791
62319,1792
62323,1793
62332,1794
62348,1795
62474,1796
62547,1797
62565,1798
62572,1799
62637,1800
62686,1801
62691,1802
62787,1803
62795,1804
62815,1805
62819,1806
62857,1807
62880,1808
62974,1809
63024,1810
63060,1811
63086,1812
63198,1813
63213,1814
63347,1815
63348,1816
63375,1817
63395,1818
63438,1819
63458,1820
63491,1821
63542,1822
63556,1823
63578,1824
63594,1825
63631,1826
63698,1827
63717,1828
63725,1829
63729,1830
63872,1831
63873,1832
63973,1833
63991,1834
64012,1835
64063,1836
64070,1837
64294,1838
64344,1839
64363,1840
64364,1841
64370,1842
64411,1843
64423,1844
64472,1845
64515,1846
64540,1847
64560,1848
64581,1849
64587,1850
64621,1851
64642,1852
64712,1853
64821,1854
64854,1855
64886,1856
64949,1857
64969,1858
65081,1859
65135,1860
65174,1861
65279,1862
65293,1863
65298,1864
65301,1865
65308,1866
65403,1867
65436,1868
65500,1869
65523,1870
65595,1871
65647,1872
65713,1873
65805,1874
65851,1875
65867,1876
65869,1877
65881,1878
65905,1879
65914,1880
65932,1881
66022,1882
66063,1883
66134,1884
66149,1885
66152,1886
66190,1887
66207,1888
66227,1889
66328,1890
66390,1891
66406,1892
66416,1893
66457,1894
66527,1895
66532,1896
66533,1897
66541,1898
66544,1899
66553,1900
66650,1901
66745,1902
66770,1903
66778,1904
66784,1905
66831,1906
66892,1907
66893,1908
66902,1909
66929,1910
66968,1911
66978,1912
67010,1913
67033,1914
67042,1915
67068,1916
67171,1917
67189,1918
67199,1919
67267,1920
67303,1921
67306,1922
67325,1923
67363,1924
67401,1925
67410,1926
67488,1927
67500,1928
67538,1929
67542,1930
67594,1931
67635,1932
67666,1933
67687,1934
67756,1935
67795,1936
67840,1937
67841,1938
67901,1939
67907,1940
67920,1941
67924,1942
68044,1943
68046,1944
68087,1945
68093,1946
68117,1947
68151,1948
68163,1949
68180,1950
68228,1951
68304,1952
68393,1953
68396,1954
68424,1955
68441,1956
68516,1957
68523,1958
68623,1959
68637,1960
68660,1961
68722,1962
68773,1963
68810,1964
68829,1965
68864,1966
68883,1967
68899,1968
68912,1969
68934,1970
68943,1971
68986,1972
68988,1973
68989,1974
69002,1975
69022,1976
69043,1977
69066,1978
69068,1979
69135,1980
69153,1981
69195,1982
69213,1983
69232,1984
69245,1985
69291,1986
69341,1987
69374,1988
69378,1989
69388,1990
69393,1991
69469,1992
69504,1993
69576,1994
69590,1995
69625,1996
69668,1997
69716,1998
69719,1999
69767,2000
69805,2001
69820,2002
69866,2003
69875,2004
69891,2005
70037,2006
70062,2007
70078,2008
70100,2009
70102,2010
70116,2011
70120,2012
70142,2013
70188,2014
70287,2015
70299,2016
70313,2017
70331,2018
70342,2019
70362,2020
70369,2021
70374,2022
70421,2023
70485,2024
70520,2025
70560,2026
70617,2027
70623,2028
70642,2029
70698,2030
70742,2031
70743,2032
70753,2033
70760,2034
70782,2035
70789,2036
70793,2037
70806,2038
70816,2039
70878,2040
70974,2041
70981,2042
71037,2043
71052,2044
71055,2045
71107,2046
71116,2047
71149,2048
71278,2049
71287,2050
71291,2051
71307,2052
71323,2053
71331,2054
71420,2055
71478,2056
71483,2057
71487,2058
71497,2059
71509,2060
71525,2061
71529,2062
71534,2063
[OOV],2064
